{"cameraMode":{"drawMode":0,"name":"Shaded","section":"Shading Mode"},"sceneLighting":false,"audioPlay":false,"sceneViewState":{"showFog":true,"showMaterialUpdate":false,"showSkybox":false,"showFlares":true,"showImageEffects":true,"showParticleSystems":true},"in2DMode":false,"pivot":{"x":583.8916015625,"y":1263.8544921875,"z":3.7950000762939455},"rotation":{"x":0.03146816045045853,"y":-0.14491860568523408,"z":0.004611536394804716,"w":0.9889333248138428},"size":1397.04345703125,"orthographic":false}